student_id,name,gpa,math_grade,science_grade,interest_stem,interest_arts,gender,socioeconomic_status
1,Kerri Beelby,3.43,89,95,Yes,No,Female,middle income
2,Livvyy Fahy,0.98,100,85,Yes,No,Female,high income
3,Kendal Peplow,0.84,81,76,Yes,No,Male,low income
4,Packston McRannell,0.06,97,76,No,Yes,Male,high income
5,Alexa Scarce,3.7,93,87,Yes,No,Female,middle income
6,Demetris Ashurst,2.7,94,79,Yes,Yes,Male,high income
7,Holly-anne Bainton,0.7,99,90,No,Yes,Female,high income
8,Malachi Auston,2.3,95,100,No,No,Genderfluid,high income
9,Marie-ann Feldharker,0.95,96,80,Yes,Yes,Female,middle income
10,Marcile Kubalek,1.19,84,92,Yes,No,Female,high income
11,Lucina Menco,2.26,82,95,Yes,No,Female,low income
12,Lark Gerhartz,3.06,75,100,No,Yes,Female,low income
13,Chaunce Pullen,1.23,98,96,No,Yes,Male,middle income
14,Kaycee Zanetello,2.38,75,79,No,Yes,Female,middle income
15,Astra Tregenza,1.92,97,98,No,Yes,Female,middle income
16,Flinn McRorie,0.69,83,77,Yes,No,Male,high income
17,Octavius Adicot,3.82,76,80,Yes,Yes,Male,low income
18,Karrie Mattersley,1.09,85,93,No,No,Female,low income
19,Cassy Wileman,1.28,84,75,Yes,No,Genderfluid,high income
20,Violetta Gillibrand,1.57,91,76,Yes,Yes,Female,middle income
21,Estella Cortez,0.9,86,99,No,Yes,Female,high income
22,Gregorio Hymer,0.69,76,90,No,No,Male,low income
23,Jorge Aindriu,3.45,80,87,Yes,No,Male,middle income
24,Inez Finlayson,2.73,91,81,Yes,No,Female,middle income
25,Fowler Goodlet,3.95,77,98,Yes,Yes,Male,high income
26,Gabriela Hakewell,2.22,81,91,No,Yes,Female,high income
27,Bernardina Izatson,0.42,92,92,Yes,Yes,Female,middle income
28,Delmar Joyes,3.84,83,78,No,Yes,Male,high income
29,Bordie Michelet,1.39,92,89,No,No,Male,low income
30,Nilson Aleksandrov,3.78,88,78,No,Yes,Male,low income
31,Wesley Stampfer,0.96,78,77,Yes,Yes,Male,middle income
32,Blinny Grimsley,0.93,99,77,No,No,Non-binary,middle income
33,Anthony Ball,3.32,80,79,No,Yes,Agender,low income
34,Maddalena McCowan,0.16,80,76,No,Yes,Female,middle income
35,Natale Bainton,1.39,82,77,No,No,Polygender,high income
36,Dido Korneichik,3.41,99,81,Yes,Yes,Female,low income
37,Roxana Winterbotham,0.24,80,79,No,Yes,Female,high income
38,Adora Mazzey,1.24,99,99,No,Yes,Female,high income
39,Mitzi Klebes,1.51,100,83,No,No,Non-binary,high income
40,Marys Tibbs,3.23,87,90,No,Yes,Non-binary,low income
41,Bobette Youthed,1.57,100,77,No,No,Female,low income
42,Brittan Newbury,3.33,95,77,No,No,Female,low income
43,Michelina Moakes,3.64,100,89,Yes,No,Female,low income
44,Kristoffer Plaster,1.29,76,91,No,No,Agender,middle income
45,Benjamen Rigard,3.42,75,78,Yes,No,Male,high income
46,Robinia Jewett,0.69,91,82,No,No,Female,high income
47,Robinet Lathan,3.91,80,87,Yes,Yes,Female,middle income
48,Gloriana Larmouth,3.42,90,86,No,Yes,Female,high income
49,Edgar Dight,0.04,92,90,Yes,Yes,Male,low income
50,Moyra Dimitrijevic,0.27,98,91,No,Yes,Female,high income
51,Sibbie Hammerson,0.16,88,79,Yes,No,Female,middle income
52,Ethel Stoddard,3.05,94,92,No,Yes,Female,high income
53,Sherill Fannon,0.36,89,80,Yes,No,Female,middle income
54,Lydie Heenan,1.36,86,84,No,Yes,Female,high income
55,Saree Brekonridge,2.94,76,93,Yes,Yes,Female,high income
56,Davie Verrico,3.89,99,81,Yes,Yes,Male,high income
57,Earl Meijer,2.05,86,93,No,Yes,Male,high income
58,Vere Ingarfill,0.24,100,80,No,No,Genderfluid,low income
59,Orin Housbey,1.64,84,78,No,Yes,Male,middle income
60,Perri Horney,3.0,82,95,No,No,Female,middle income
61,Dianemarie Hullock,1.49,80,90,No,No,Bigender,low income
62,Sheffy Cheley,1.73,93,99,No,No,Male,high income
63,Gwenore Bayly,0.48,93,82,Yes,Yes,Non-binary,high income
64,Wells Rosenvasser,3.91,94,93,Yes,Yes,Male,high income
65,Bealle L' Estrange,3.29,94,80,Yes,No,Male,middle income
66,Paddy Noot,2.18,78,83,Yes,Yes,Male,middle income
67,Ricardo Bonds,0.69,93,95,No,No,Male,middle income
68,Anatole Deporte,1.11,91,76,Yes,Yes,Polygender,high income
69,Jillana Stancer,2.39,94,81,No,Yes,Non-binary,middle income
70,Remington Ruddock,2.11,92,99,Yes,No,Male,middle income
71,Rutledge Bettridge,1.43,81,90,Yes,No,Male,middle income
72,Brooks Cristofor,1.09,76,92,Yes,No,Female,middle income
73,Meridel Mil,3.9,83,77,No,No,Female,high income
74,Ezri Swinbourne,0.29,92,98,Yes,No,Male,low income
75,Barnabe de Tocqueville,2.49,77,88,No,No,Male,low income
76,Cassy Drissell,0.31,88,79,No,No,Genderqueer,low income
77,Aubert Gullifant,2.66,96,90,No,No,Male,low income
78,Rory Hurst,2.86,95,100,No,Yes,Male,middle income
79,Tabor Ratcliffe,1.46,100,81,No,No,Male,low income
80,Johnathan Gosson,0.11,95,91,Yes,Yes,Male,low income
81,Dal Mendenhall,2.05,77,93,No,No,Male,low income
82,Adriena Issitt,2.05,86,76,No,No,Female,middle income
83,Hugibert McIlhagga,0.59,77,86,No,No,Male,high income
84,Zelda Bignall,3.28,95,89,No,Yes,Female,middle income
85,Judon Caron,0.65,81,93,Yes,Yes,Male,high income
86,Lib Nodin,1.27,87,90,No,No,Female,middle income
87,Nils Upson,1.95,85,82,Yes,Yes,Male,middle income
88,Carrissa Flucker,3.25,77,76,No,No,Female,low income
89,Hardy Carlone,3.85,78,90,Yes,No,Male,middle income
90,Herc Gages,3.87,95,82,Yes,No,Male,high income
91,Ripley Roman,3.7,91,75,Yes,No,Male,high income
92,Edgardo Udden,2.94,93,79,Yes,Yes,Male,low income
93,Michal Maddrell,2.68,81,79,No,No,Female,low income
94,Christian Kornyakov,3.21,81,90,No,Yes,Male,low income
95,Mariquilla Hurrion,3.91,100,91,No,Yes,Female,middle income
96,Keri Beggs,0.84,96,85,Yes,No,Female,middle income
97,Rivy Hambridge,3.76,79,92,Yes,Yes,Female,high income
98,Aristotle Martinez,2.44,99,95,Yes,Yes,Male,middle income
99,Adi Scown,0.35,88,86,Yes,Yes,Female,high income
100,Arley Suttell,1.92,87,76,Yes,Yes,Male,middle income
101,Marget Guye,3.08,75,89,No,Yes,Female,middle income
102,Shelton Goggin,2.41,84,83,Yes,Yes,Male,high income
103,Adelice Palfrie,0.68,75,77,No,Yes,Female,low income
104,Jeannette Voysey,0.19,91,88,No,Yes,Female,high income
105,Florry Mulliner,0.15,85,91,No,Yes,Female,middle income
106,Oby Cokayne,0.28,89,95,Yes,Yes,Male,middle income
107,Antons Bosche,0.83,98,96,No,No,Male,low income
108,Patti Thorius,3.19,78,90,Yes,No,Female,high income
109,Bron Swadling,1.02,90,100,No,Yes,Male,high income
110,Georg Reyner,0.88,95,100,Yes,Yes,Male,middle income
111,Teador De Pero,3.42,80,91,Yes,No,Male,low income
112,Culver MacArdle,3.74,99,79,No,No,Male,middle income
113,Gladys Zannolli,2.49,81,90,No,No,Female,high income
114,Durante Aucock,3.11,98,83,Yes,Yes,Polygender,low income
115,Lori Neenan,1.17,84,85,Yes,Yes,Female,middle income
116,Thomasa Gilhouley,0.19,88,91,No,Yes,Female,low income
117,Kaspar Briance,0.16,85,93,Yes,No,Male,low income
118,Currey Halfacree,2.89,96,92,No,No,Male,low income
119,Byrle Babinski,2.97,77,80,No,No,Male,low income
120,Ange Carrane,0.78,96,83,No,Yes,Male,middle income
121,Gianina Antram,3.29,83,79,Yes,Yes,Female,high income
122,Lorne Martine,3.64,99,89,No,Yes,Bigender,low income
123,Aubree Mapledoram,3.22,79,84,No,No,Female,middle income
124,Elnora Beels,0.17,85,98,Yes,Yes,Female,middle income
125,Kingsly Sakins,1.58,79,94,No,No,Male,high income
126,Filberto Fruser,0.87,81,89,No,Yes,Male,middle income
127,Emmy Milillo,1.05,77,85,No,Yes,Female,middle income
128,Gisella Minshull,3.61,88,81,Yes,No,Female,middle income
129,Cristobal Lackeye,0.71,90,80,No,No,Male,high income
130,Dan Bessell,3.73,86,100,No,No,Male,high income
131,Gayler Shreve,0.58,96,94,No,No,Male,middle income
132,Letisha Shugg,1.39,84,92,No,Yes,Female,high income
133,Kort Tolchard,1.88,77,83,Yes,No,Male,high income
134,Wilton Mollison,0.19,98,90,No,Yes,Male,middle income
135,Cord Upwood,2.7,91,89,No,No,Male,low income
136,Chelsea Djekovic,3.73,93,92,No,Yes,Genderqueer,low income
137,Giraldo Hargraves,1.11,84,96,No,No,Male,high income
138,Godfrey Mountlow,3.39,97,76,No,Yes,Male,low income
139,Shea Gabrieli,3.95,85,84,Yes,No,Male,low income
140,Star Kerner,1.69,91,92,Yes,Yes,Female,high income
141,Dana Daws,0.49,84,94,No,No,Male,middle income
142,Dacy Bromige,2.99,80,93,Yes,No,Female,low income
143,Humberto Astall,1.98,89,98,No,No,Male,high income
144,Bernard Wasselin,2.9,75,94,Yes,Yes,Male,low income
145,Griswold Boribal,2.59,77,91,No,Yes,Male,high income
146,Ana Liffey,3.11,91,80,No,Yes,Female,low income
147,Buffy Swadling,2.04,83,95,Yes,No,Female,low income
148,Kin Huller,1.99,77,85,Yes,Yes,Genderfluid,high income
149,Caitrin Plumptre,0.57,99,95,No,Yes,Female,middle income
150,Abbe Hurn,0.1,96,86,Yes,Yes,Female,low income
151,Hashim Keher,0.61,82,83,Yes,Yes,Male,high income
152,Catharine O'Hare,3.58,77,96,No,No,Female,high income
153,Lilly Foakes,2.8,99,77,No,No,Female,low income
154,Danita Swinbourne,1.05,98,100,No,No,Female,middle income
155,Ennis Le Franc,3.99,99,99,No,Yes,Male,low income
156,Crystal Arrowsmith,2.34,97,92,No,Yes,Female,high income
157,Gerick McRobb,3.83,83,89,No,Yes,Male,middle income
158,Tine Heddy,3.19,76,85,Yes,Yes,Female,low income
159,Otto Manoch,2.44,97,85,No,Yes,Male,low income
160,Julius Drust,1.19,85,99,No,No,Male,low income
161,Ward Kingswood,0.84,84,94,No,No,Male,high income
162,Aurelea Erdes,0.25,77,93,Yes,Yes,Female,middle income
163,Beatrice Cadwaladr,2.16,77,90,Yes,Yes,Female,low income
164,D'arcy Woollends,3.12,79,78,Yes,No,Male,high income
165,Slade Marrian,0.3,93,78,Yes,No,Male,high income
166,Jessika Dysert,2.4,80,100,Yes,No,Female,low income
167,Christian Harragin,1.85,83,88,No,Yes,Male,low income
168,Lindsay Fominov,3.64,94,98,No,No,Male,middle income
169,Moe Emerson,0.16,78,91,Yes,No,Male,low income
170,Ambrosio Richford,3.84,97,89,Yes,No,Male,high income
171,Carlyn Trewhela,2.58,89,88,No,No,Female,low income
172,Teddi Tackes,3.05,79,99,No,No,Female,low income
173,Bendick Corradi,1.46,75,79,Yes,No,Male,middle income
174,Griswold Benitez,1.45,96,88,No,Yes,Male,low income
175,Aldis Farrent,1.37,94,85,Yes,Yes,Male,low income
176,Erin Powis,2.27,77,77,Yes,Yes,Male,low income
177,Guinna Tattoo,3.8,78,98,Yes,No,Female,low income
178,Libbie Jaulme,1.53,83,86,No,Yes,Female,high income
179,Kissie McColm,3.21,95,100,No,Yes,Female,high income
180,Kirby Tipperton,3.06,77,85,Yes,Yes,Female,low income
181,Derry Boddie,1.38,83,87,Yes,No,Male,low income
182,Shurlocke Gilsthorpe,3.83,96,95,No,No,Male,middle income
183,Sheffield Conningham,1.35,76,87,Yes,No,Male,high income
184,Carolan Mungane,3.01,95,81,Yes,Yes,Female,middle income
185,Laurette Winscum,1.94,77,92,Yes,No,Bigender,high income
186,Emlyn Whitechurch,2.98,88,77,Yes,Yes,Male,high income
187,Dre Tallet,3.25,90,82,No,Yes,Female,high income
188,Markos Egdal,3.64,97,93,No,Yes,Male,middle income
189,Guthry Pappi,1.99,82,90,No,No,Male,high income
190,Jennette Fipp,2.37,84,96,Yes,Yes,Polygender,high income
191,Aveline Lotze,0.06,96,75,Yes,Yes,Female,low income
192,Corbet Caldron,0.03,80,76,Yes,Yes,Male,middle income
193,Cedric Cattow,2.77,82,83,Yes,Yes,Male,low income
194,Justino Lonergan,3.49,80,83,No,No,Male,low income
195,Chelsea Benian,0.72,98,96,No,Yes,Polygender,high income
196,Giffy Dryburgh,0.15,95,82,No,No,Male,middle income
197,Demetrius Craddy,0.49,97,90,Yes,Yes,Male,high income
198,Charis Myerscough,3.31,89,99,No,No,Female,high income
199,Mikkel Eton,0.17,89,99,No,No,Male,low income
200,Blanche Rosewell,3.41,78,76,No,Yes,Female,low income
201,Donavon Zamudio,2.7,75,86,No,Yes,Male,low income
202,Faydra Wilmot,2.82,85,90,No,Yes,Female,middle income
203,Valerie Reddington,0.82,96,79,Yes,Yes,Female,middle income
204,Moss Scotland,3.15,98,81,No,No,Bigender,middle income
205,Geraldine Lammert,2.23,82,83,Yes,Yes,Female,low income
206,Bobbette Matterface,0.01,84,99,No,No,Female,middle income
207,Florian Glusby,3.21,88,89,Yes,Yes,Male,middle income
208,Papageno Blue,2.31,75,99,Yes,Yes,Male,middle income
209,Alanah Kulver,0.11,81,84,No,Yes,Female,low income
210,Rodina Dabbs,2.44,88,75,Yes,Yes,Female,low income
211,Elladine McComish,0.29,94,95,Yes,Yes,Female,middle income
212,Britteny Tresler,2.63,90,77,Yes,Yes,Female,high income
213,Emmett Weir,2.87,76,77,Yes,Yes,Male,middle income
214,Kendrick Dolby,3.22,91,78,Yes,Yes,Male,low income
215,Kakalina Benz,0.65,81,75,Yes,No,Female,middle income
216,Moe Trowl,2.9,99,98,No,Yes,Male,high income
217,Davine Dicey,0.57,88,83,Yes,No,Female,high income
218,Abram Ricket,2.81,94,92,Yes,Yes,Male,low income
219,Deeyn Milam,2.7,79,95,Yes,No,Female,low income
220,Garfield Pischel,2.49,87,100,Yes,Yes,Male,low income
221,Gates Ferreira,0.73,98,83,Yes,Yes,Female,low income
222,Dale Scrivner,0.08,87,97,No,No,Male,middle income
223,Wilmer Pettet,0.7,91,94,No,Yes,Male,middle income
224,Catriona Westpfel,3.07,76,79,Yes,No,Female,low income
225,Yankee O'Shirine,2.77,78,100,Yes,No,Male,low income
226,Hobie Lamball,0.06,91,82,No,No,Genderfluid,middle income
227,Lorna Smith,1.7,79,85,No,Yes,Polygender,high income
228,Jude Giffkins,2.93,88,89,Yes,Yes,Male,low income
229,Rois Sides,1.17,93,88,Yes,No,Female,high income
230,Cesar Bodesson,3.96,81,87,Yes,No,Genderqueer,middle income
231,Juliet Bett,3.0,97,84,No,No,Female,high income
232,Auria Bartoszinski,2.57,92,75,No,Yes,Female,high income
233,Elliott Yellowlea,0.78,93,92,Yes,Yes,Genderfluid,low income
234,Ellsworth Corben,2.29,76,92,No,Yes,Male,low income
235,Xavier Stigger,1.4,99,84,Yes,Yes,Male,high income
236,Adan Mehaffey,3.97,97,76,Yes,No,Female,low income
237,Saxon Spillard,1.32,77,95,Yes,Yes,Male,middle income
238,Flemming Saffin,0.77,83,84,No,Yes,Male,middle income
239,Alys Lawlor,1.93,85,92,No,Yes,Female,high income
240,Gibby Dun,3.96,84,77,Yes,No,Male,low income
241,Leroi Stracey,3.79,82,76,Yes,No,Male,low income
242,Tad Tanswill,1.91,75,93,Yes,Yes,Male,high income
243,Agata Pretty,2.57,91,89,No,No,Female,middle income
244,Lester Viegas,1.22,97,99,Yes,No,Male,high income
245,Ivett Veall,3.98,80,84,Yes,Yes,Female,low income
246,Tresa Normand,1.32,98,84,Yes,Yes,Female,high income
247,Tome Hurn,0.61,95,77,Yes,Yes,Male,high income
248,Trescha Tumility,1.65,100,86,No,Yes,Female,low income
249,Matilda Shinfield,2.77,90,81,Yes,Yes,Female,middle income
250,Sander Ofer,2.23,83,82,Yes,No,Male,low income
251,Katrinka Babbage,1.19,92,75,No,No,Female,high income
252,Letta Henkens,0.25,89,89,No,No,Female,high income
253,Gustavo Gieves,0.0,80,94,No,No,Male,middle income
254,Giles Fontaine,2.34,83,88,No,No,Male,middle income
255,Charlot Scaife,1.17,79,85,Yes,No,Polygender,middle income
256,Nat Marzella,2.97,90,90,No,Yes,Male,low income
257,Tybalt Chivers,3.35,85,94,No,No,Male,middle income
258,Alfreda Ousley,1.32,91,95,No,No,Non-binary,low income
259,Marysa Fawcitt,1.06,86,100,Yes,Yes,Female,middle income
260,Licha Caff,1.51,76,81,Yes,Yes,Female,middle income
261,Marti Millberg,2.03,78,80,Yes,No,Female,high income
262,Sid Brideaux,3.95,77,91,Yes,No,Bigender,middle income
263,Kippie Cawthron,2.97,95,94,Yes,Yes,Genderfluid,high income
264,Ethelred Agneau,0.34,78,86,No,Yes,Male,low income
265,Shara Ruffell,3.08,86,76,Yes,Yes,Female,high income
266,Annmaria Vasile,0.04,99,78,Yes,No,Female,high income
267,Kenton Ellicombe,2.97,87,79,No,Yes,Polygender,low income
268,Wiatt Luck,0.68,92,89,No,Yes,Male,high income
269,Giraldo Dowsey,0.88,82,85,No,Yes,Male,low income
270,Zia Rustan,1.73,89,98,Yes,No,Female,high income
271,Margarethe Cliff,0.49,87,79,No,Yes,Female,low income
272,Teddy Thirwell,3.68,87,89,No,No,Female,middle income
273,Lizzy Rodolfi,0.98,83,94,Yes,Yes,Female,high income
274,Raimund Bartusek,1.8,96,76,No,Yes,Male,low income
275,Raf Dalzell,1.78,89,89,Yes,No,Female,high income
276,Kerk Kingzet,3.19,82,83,Yes,Yes,Male,high income
277,Lisette Warrender,0.35,85,79,No,Yes,Female,low income
278,Calvin Polson,0.04,92,76,No,Yes,Male,low income
279,Sharl Duffyn,1.58,91,100,No,Yes,Female,high income
280,Cathi Baggaley,1.48,91,77,Yes,No,Female,low income
281,Rollin Kunkler,2.94,88,91,No,Yes,Male,high income
282,Heywood Hellewell,1.12,86,85,No,No,Male,low income
283,Peggy Aslett,3.52,100,95,Yes,Yes,Female,low income
284,Ali Plain,3.47,92,78,Yes,Yes,Genderfluid,middle income
285,Armin Stiller,2.86,95,82,Yes,No,Male,high income
286,Glyn Caron,2.68,90,100,No,Yes,Female,middle income
287,Tracey Boards,0.01,75,82,Yes,No,Male,high income
288,Merrili Scougal,3.1,83,89,Yes,Yes,Female,low income
289,Yuma Renac,1.97,84,90,Yes,Yes,Male,middle income
290,Selle Pasque,0.51,76,83,No,No,Female,high income
291,Dani Gribble,0.86,94,99,No,Yes,Agender,middle income
292,Micky Buttner,1.87,76,85,No,Yes,Male,high income
293,Ellette Cadogan,0.11,100,97,Yes,Yes,Female,high income
294,Grenville Haug,3.91,76,89,Yes,Yes,Male,low income
295,Ermanno Gingold,2.74,79,86,No,Yes,Male,high income
296,Shara Skains,3.07,93,86,No,No,Agender,high income
297,West Southwell,3.62,89,93,Yes,No,Male,low income
298,Tadeo Caldroni,0.92,93,95,No,No,Male,high income
299,Mart Skaif,2.95,75,83,No,No,Male,middle income
300,Alec Reith,0.37,84,84,Yes,No,Male,low income
301,Elvyn Cristol,2.81,98,99,No,Yes,Male,high income
302,Dianna Caslane,3.56,88,75,Yes,No,Female,middle income
303,Honey Thaw,1.18,90,82,Yes,Yes,Female,low income
304,Jason Windeatt,3.94,92,89,Yes,No,Male,high income
305,Kele Peepall,3.4,81,76,Yes,Yes,Bigender,low income
306,Markos Lyokhin,0.51,75,100,No,Yes,Male,middle income
307,Claiborn Leedal,3.63,96,90,Yes,No,Male,low income
308,Annadiana Stailey,1.33,83,76,No,Yes,Female,high income
309,Jan Chastan,0.82,77,89,No,No,Male,low income
310,Doralynn Wandrack,2.71,91,80,No,No,Female,middle income
311,Dionis Bilyard,1.45,89,76,No,Yes,Female,high income
312,Lauritz Hardern,2.46,88,80,Yes,Yes,Male,low income
313,Creight Lowensohn,0.54,75,83,No,Yes,Male,low income
314,Hermine Worters,1.52,86,88,No,No,Agender,middle income
315,Romona Jouhandeau,2.37,95,89,No,No,Non-binary,high income
316,Oralle Marrion,3.66,78,86,No,No,Female,low income
317,Claiborn Pevie,2.93,94,78,No,Yes,Male,high income
318,Gun Rennie,0.48,93,83,Yes,No,Genderfluid,high income
319,Herrick Gasson,1.69,77,90,No,Yes,Bigender,low income
320,Garrek Wibrew,2.38,81,77,No,No,Male,high income
321,Bambie Bootes,4.0,84,94,Yes,No,Female,high income
322,Giles Chaize,0.68,89,86,Yes,Yes,Male,middle income
323,Fraser de'-Ancy Willis,2.0,88,87,No,Yes,Male,low income
324,Valerye Oakman,3.65,95,86,Yes,Yes,Female,middle income
325,Gratiana Strange,0.15,84,82,Yes,Yes,Female,high income
326,Cobbie Smorthit,2.37,95,78,Yes,No,Male,low income
327,Cordie Grose,0.71,75,85,No,Yes,Female,high income
328,Wallis Joslyn,0.51,97,87,No,Yes,Genderfluid,high income
329,Sibelle Reasce,2.58,96,88,Yes,Yes,Female,low income
330,Katrine Setch,1.24,95,93,No,No,Bigender,high income
331,Latashia Gosforth,1.87,91,100,Yes,Yes,Female,low income
332,Jeth Harriday,3.14,96,89,Yes,Yes,Male,middle income
333,Amanda Weitzel,3.47,94,97,No,Yes,Female,middle income
334,Elsie Emberson,3.9,85,75,Yes,No,Female,middle income
335,Marice Duligall,3.62,86,84,No,Yes,Female,high income
336,Siffre Radbourne,2.62,97,95,Yes,No,Male,middle income
337,Mar Dallimore,2.88,92,92,No,Yes,Male,high income
338,Nancie Dedrick,1.3,94,76,No,Yes,Female,middle income
339,Lorrin Steadman,1.69,91,84,Yes,Yes,Female,low income
340,Winne O' Culligan,3.6,77,98,Yes,Yes,Female,middle income
341,Kincaid Bustin,1.79,96,80,No,No,Male,high income
342,Hershel Goundrill,3.47,79,79,Yes,No,Male,high income
343,Yale Squire,0.91,78,100,Yes,Yes,Male,high income
344,Whitby Delahunt,2.29,79,75,No,Yes,Male,middle income
345,Jany Honniebal,2.26,96,84,No,Yes,Female,low income
346,Gilbertina Shillingford,3.82,88,87,Yes,No,Female,middle income
347,Noelani Medmore,3.3,91,86,Yes,Yes,Female,low income
348,Zoe Tabert,3.7,83,95,No,Yes,Female,middle income
349,Devina Petford,2.44,83,87,Yes,Yes,Non-binary,low income
350,Easter Tomaschke,2.63,84,91,Yes,No,Female,high income
351,Colet Bolter,0.64,84,87,Yes,No,Male,high income
352,Courtenay Dictus,3.16,92,81,Yes,Yes,Non-binary,middle income
353,Sigmund Blewmen,3.26,96,95,No,Yes,Male,high income
354,Aldric Danahar,1.18,98,84,Yes,Yes,Male,middle income
355,Enrico Redan,1.58,87,86,No,Yes,Non-binary,low income
356,Binni Joseph,0.16,100,86,No,Yes,Female,middle income
357,Morry Devey,0.21,89,95,No,Yes,Male,high income
358,Gennie Tosh,2.15,80,95,No,No,Female,middle income
359,Gabi MacKniely,0.05,92,81,Yes,Yes,Male,low income
360,Kissie Girardy,3.57,85,92,No,Yes,Female,high income
361,Michele Stanistreet,2.23,89,81,Yes,Yes,Male,high income
362,Zora Iglesiaz,0.61,90,92,Yes,Yes,Female,high income
363,Garald Spyvye,3.81,86,92,Yes,No,Male,high income
364,Letty Griffitt,2.99,95,89,Yes,No,Female,middle income
365,Ranice Liddyard,0.87,86,88,No,No,Female,middle income
366,Gavrielle Maypother,3.62,75,100,Yes,Yes,Female,high income
367,Pansy Oolahan,2.97,97,95,Yes,No,Genderqueer,high income
368,Peggi Kobel,1.77,88,75,Yes,Yes,Female,high income
369,Mannie Fawckner,1.61,84,90,No,No,Male,middle income
370,Devonna Vegas,0.59,79,75,No,No,Genderqueer,high income
371,Evvy Baitey,0.29,97,93,Yes,No,Female,high income
372,Philis Espina,2.17,86,88,No,No,Female,low income
373,Tomasina Hoffman,3.47,89,100,Yes,Yes,Female,high income
374,Elroy Gayton,1.75,75,83,Yes,No,Male,middle income
375,Farlie Gildea,3.29,98,96,No,Yes,Male,high income
376,Wolfie Huton,2.8,81,98,Yes,Yes,Male,low income
377,Jarret Papaminas,3.56,88,83,Yes,No,Male,high income
378,Arabela Robb,0.02,92,76,No,Yes,Female,high income
379,Venita Scardifeild,0.62,100,97,No,Yes,Genderqueer,low income
380,Dynah Bolletti,3.13,80,94,Yes,No,Female,low income
381,Jobi Lippo,2.55,96,87,Yes,No,Genderfluid,high income
382,Jameson Wadeling,0.67,78,88,Yes,Yes,Male,low income
383,Zelig Efford,0.63,98,81,No,Yes,Non-binary,middle income
384,Nealon Blockley,1.2,77,85,Yes,No,Male,high income
385,Mickey Celier,3.93,89,78,No,Yes,Male,high income
386,Minda Quirke,1.02,91,92,Yes,Yes,Female,middle income
387,Maxie Pickerell,3.99,81,75,Yes,Yes,Female,low income
388,Raoul Fortun,2.95,93,77,Yes,Yes,Male,middle income
389,Gratiana Kyston,2.78,76,95,Yes,Yes,Female,low income
390,Flossi Olivetti,0.18,76,83,Yes,Yes,Bigender,high income
391,Hester Habben,0.71,92,97,No,Yes,Genderqueer,middle income
392,Ulberto Bramich,1.46,97,100,No,No,Agender,middle income
393,Alecia Wrettum,3.41,87,76,No,No,Female,high income
394,Rodd Cartmer,1.8,95,86,No,Yes,Male,high income
395,Trixy Manion,0.69,84,97,No,No,Female,high income
396,Ardys Denver,3.53,96,93,No,Yes,Female,low income
397,Lane Swires,2.71,100,86,No,Yes,Male,high income
398,Tadeo Dunsmuir,3.36,85,81,No,No,Male,low income
399,Fara Shackleton,2.37,76,96,No,No,Female,low income
400,Wain Ransley,1.92,99,92,No,Yes,Male,middle income
401,Franz Glashby,0.86,98,89,Yes,Yes,Non-binary,middle income
402,Tommy Lamplugh,0.03,94,97,Yes,Yes,Male,low income
403,Adam Scargle,0.76,86,76,Yes,No,Male,high income
404,Braden Tomaselli,1.35,100,94,Yes,No,Male,high income
405,Norine Gehringer,3.45,88,100,Yes,No,Female,low income
406,Mable Pudan,2.11,94,93,No,Yes,Female,low income
407,Ketty Rookeby,2.11,88,87,Yes,Yes,Female,middle income
408,Felicia Ryding,1.47,94,87,Yes,No,Female,low income
409,Ardella Drewell,1.8,90,84,No,Yes,Female,low income
410,Alameda Venny,3.72,82,76,No,No,Female,high income
411,Rosaline Kyston,1.99,100,91,Yes,Yes,Female,low income
412,Gardiner Bigham,3.45,75,95,Yes,No,Male,low income
413,Cyril Fullerd,2.48,97,85,Yes,No,Male,high income
414,Ross Keeves,2.88,90,78,Yes,Yes,Male,low income
415,Linell Pitrollo,3.22,85,76,Yes,No,Female,high income
416,Minetta Tatchell,3.28,78,85,Yes,Yes,Female,high income
417,Barry Rawes,0.08,92,100,No,No,Female,high income
418,Emlyn Olenchenko,3.96,80,81,No,No,Male,low income
419,Warden Trighton,1.29,100,78,No,Yes,Male,low income
420,Bary Buchett,3.17,89,84,Yes,Yes,Male,middle income
421,Vivia Taillant,1.42,91,83,Yes,No,Female,high income
422,Zolly Gledhall,0.43,83,87,Yes,No,Male,high income
423,Debee Boniface,2.09,94,77,No,No,Female,middle income
424,Raviv Dalby,1.43,98,96,No,No,Male,middle income
425,Maynord Digweed,0.89,82,82,No,No,Male,low income
426,Anthia Tift,2.96,86,88,Yes,Yes,Female,high income
427,Ania Hainge,2.59,77,82,Yes,Yes,Female,low income
428,Stearn Gilmore,3.32,78,78,Yes,No,Male,low income
429,Alix Warry,1.42,99,81,No,No,Male,middle income
430,Jeanie MacCostigan,0.16,90,94,Yes,Yes,Female,low income
431,Tobit Guyton,1.38,83,85,Yes,No,Male,middle income
432,Sebastian Bowle,1.89,80,87,No,No,Non-binary,low income
433,Isaac Frenchum,3.55,85,81,No,No,Male,low income
434,Thorny Teodoro,3.63,81,100,Yes,No,Male,high income
435,Marinna Sisson,1.12,93,75,No,No,Female,middle income
436,Ali Paske,1.34,89,95,No,No,Polygender,high income
437,Giustino Vala,1.89,97,87,Yes,No,Male,high income
438,Yettie Knowlys,2.53,89,89,Yes,Yes,Female,middle income
439,Inger Walcot,3.61,87,86,No,No,Male,middle income
440,Garth Baelde,1.92,96,88,No,Yes,Male,low income
441,Raf Vickress,1.33,76,83,Yes,No,Female,low income
442,Ezra Bread,3.21,89,78,Yes,Yes,Male,high income
443,Pavla MacNucator,2.97,91,85,No,Yes,Genderfluid,high income
444,Salmon Itschakov,2.07,96,88,No,No,Male,high income
445,Barbabra Tomsen,0.73,78,85,No,Yes,Female,high income
446,Mariam McCarrison,3.14,97,83,No,No,Female,middle income
447,Vivianne de Lloyd,1.34,99,90,Yes,No,Female,low income
448,Louisa Allison,2.38,81,76,Yes,Yes,Female,high income
449,Althea Hyam,0.62,85,79,Yes,No,Female,high income
450,Torey Maffy,1.86,86,76,No,Yes,Female,high income
451,Lester Tuerena,2.76,77,99,No,No,Male,low income
452,Flem Fairtlough,0.21,92,75,No,No,Male,middle income
453,Diannne Sauvage,3.52,96,90,No,No,Female,middle income
454,Gracie Denyer,3.7,92,97,Yes,Yes,Female,low income
455,Garrik Ganforthe,2.69,87,86,No,No,Male,high income
456,Gwenette Rupke,2.5,95,93,Yes,No,Female,low income
457,Emogene Woolaston,3.58,91,88,Yes,Yes,Female,high income
458,Sabina Trevenu,2.95,80,91,No,Yes,Female,low income
459,Tull Treble,3.35,86,94,Yes,No,Male,high income
460,Dian Pooke,2.98,91,75,No,No,Female,low income
461,Lou Amery,2.02,77,96,No,No,Female,middle income
462,Bronson Saile,0.44,76,96,Yes,Yes,Male,high income
463,Frasquito Eitter,2.25,79,90,Yes,Yes,Male,middle income
464,Ramon Abramowsky,3.92,76,78,Yes,Yes,Male,low income
465,Tybie Eagle,0.82,79,94,Yes,Yes,Female,low income
466,Albertine Daville,3.35,91,96,Yes,No,Female,high income
467,Rudolph Westwater,0.95,95,84,Yes,No,Male,low income
468,Ezri Vale,0.75,78,78,Yes,Yes,Male,high income
469,Kerwinn Shirrell,3.15,98,87,No,Yes,Male,high income
470,Randie Fahrenbach,3.54,97,96,Yes,Yes,Male,middle income
471,Dagny Constant,3.61,93,98,Yes,Yes,Male,middle income
472,Willis Cheeseman,0.43,92,99,No,Yes,Male,high income
473,Sascha Burchess,3.81,94,85,No,Yes,Male,high income
474,Aldous Abberley,0.22,96,93,No,Yes,Male,high income
475,Xerxes Surtees,2.81,89,89,Yes,No,Male,high income
476,Corliss Caser,1.15,84,94,Yes,No,Female,low income
477,Lawrence Kliemann,3.04,96,82,Yes,No,Agender,low income
478,Ardelle Mangeot,1.62,99,91,Yes,No,Female,low income
479,Margi Slinger,2.91,77,83,Yes,Yes,Female,middle income
480,Isaac Coller,0.78,99,75,No,No,Male,high income
481,Roldan Hebble,0.14,97,85,Yes,Yes,Male,middle income
482,Ewart Dufaire,3.72,94,77,Yes,No,Male,middle income
483,Gavin Anthoney,0.9,83,82,No,Yes,Male,middle income
484,Shandie Flowerden,1.45,76,89,Yes,Yes,Female,middle income
485,Steffen Doonican,1.22,83,81,Yes,No,Male,low income
486,Gavra Tilmouth,3.26,92,92,Yes,Yes,Female,middle income
487,Martie Gornar,2.46,100,77,No,No,Genderqueer,high income
488,Glenn Maps,1.47,96,88,Yes,No,Male,low income
489,Rosabel Lilywhite,0.27,78,79,Yes,No,Female,middle income
490,Antoine Dubery,1.97,77,85,No,Yes,Male,low income
491,Meggi Flower,3.33,79,93,No,No,Female,high income
492,Jeanie Dorow,0.19,75,85,Yes,Yes,Female,high income
493,Marsh Hayes,2.31,96,83,No,No,Male,low income
494,Milo Garvey,0.01,100,95,No,Yes,Male,middle income
495,Genny Revely,0.86,83,93,No,No,Female,high income
496,Tate Longman,3.62,76,93,No,Yes,Female,high income
497,Abigale Van Merwe,2.41,89,75,Yes,No,Female,low income
498,Ava Tassaker,3.4,98,75,Yes,Yes,Female,middle income
499,Rickard Guerra,0.74,98,99,No,No,Male,high income
500,Samuel Jablonski,1.18,97,99,No,Yes,Male,low income
501,Winthrop Arens,2.34,87,85,No,Yes,Male,high income
502,Thoma Strangeways,1.29,93,83,No,No,Genderfluid,high income
503,Celinda Tomney,2.09,100,81,No,No,Female,high income
504,Merill Petri,2.43,88,80,Yes,Yes,Male,middle income
505,Grier Bussell,1.37,94,98,No,No,Female,middle income
506,Demetre Brook,3.77,87,87,No,No,Male,low income
507,Ebenezer Eggins,2.36,82,80,Yes,No,Male,middle income
508,Archibaldo Kimmins,1.37,75,84,Yes,Yes,Male,high income
509,Bank Garritley,0.66,81,76,Yes,Yes,Male,low income
510,Allyn Book,3.37,96,75,Yes,No,Female,middle income
511,Katalin Ingraham,0.82,82,84,Yes,No,Female,high income
512,Quint Cushelly,3.31,83,92,No,No,Male,middle income
513,Greta Carden,2.72,81,98,No,Yes,Female,middle income
514,Harrietta Fransoni,1.19,96,94,Yes,Yes,Female,low income
515,Sheri Ivanitsa,3.02,95,98,No,No,Female,high income
516,Alana Sloane,2.81,91,91,No,No,Female,high income
517,Bendite Le Sieur,0.73,98,75,Yes,No,Female,high income
518,Durant Newland,1.18,92,95,No,No,Male,middle income
519,Trish De Blasiis,1.14,79,93,Yes,Yes,Female,middle income
520,Ailis McCaskell,2.11,87,89,Yes,Yes,Female,low income
521,Edmon Marmon,3.88,78,83,Yes,Yes,Male,low income
522,Reeta Davidou,3.21,77,91,Yes,No,Female,middle income
523,Elisabetta Gives,0.99,95,85,Yes,Yes,Female,middle income
524,Ethelda Corden,1.6,85,78,Yes,No,Female,middle income
525,Jerry Rosenfeld,1.22,90,77,No,No,Male,middle income
526,Dianne Bedenham,1.38,84,98,No,Yes,Female,high income
527,Reba Kingcott,0.04,96,84,Yes,Yes,Female,high income
528,Faydra Ledward,0.5,77,95,Yes,No,Female,middle income
529,Leighton Bierling,3.45,95,87,Yes,Yes,Male,high income
530,Lezley Cancellario,2.88,81,84,Yes,Yes,Male,high income
531,Barrie Devall,1.75,76,99,No,No,Male,low income
532,Trixi Peckett,2.8,97,94,Yes,No,Female,low income
533,Hillyer Stansbie,3.98,95,94,Yes,No,Male,high income
534,Martelle Moyer,1.83,77,93,Yes,Yes,Female,high income
535,Ferdinande Vashchenko,2.97,99,88,Yes,Yes,Female,high income
536,Hadley Shearsby,3.25,97,93,No,No,Male,high income
537,Margeaux Emeline,1.19,79,77,Yes,No,Female,low income
538,Ruby Fold,0.28,84,77,Yes,No,Male,high income
539,Yurik Denial,1.88,91,93,Yes,Yes,Male,high income
540,Marlin Ellwand,3.38,99,94,No,No,Male,middle income
541,Perren Mosley,1.73,95,77,No,Yes,Male,middle income
542,Deena Swinfen,1.92,88,79,Yes,Yes,Female,low income
543,Raddy Rubanenko,1.53,96,100,Yes,Yes,Male,middle income
544,Illa Myderscough,1.93,89,80,No,No,Female,high income
545,Meade Hingeley,1.75,88,89,Yes,Yes,Female,high income
546,Alica Yvens,3.35,76,98,Yes,No,Female,high income
547,Adriena Menchenton,2.61,83,78,No,No,Genderqueer,middle income
548,Eilis Pennell,1.25,100,95,No,No,Genderfluid,middle income
549,Rance Raith,0.02,75,95,Yes,Yes,Male,high income
550,Joanna Farrell,1.75,100,81,Yes,Yes,Female,high income
551,Floyd Southerden,2.51,83,77,Yes,No,Male,low income
552,Hedda Lanfer,0.45,84,89,Yes,No,Female,middle income
553,Malinda Medgewick,2.16,98,91,No,Yes,Female,middle income
554,Reamonn Tesdale,1.39,86,86,No,Yes,Male,high income
555,Emmalee Besson,1.21,76,75,Yes,Yes,Female,low income
556,Hilary Joire,3.3,75,95,No,Yes,Male,low income
557,Lani Sieb,1.56,97,82,Yes,No,Female,middle income
558,Andree Salla,3.8,87,83,No,No,Female,low income
559,Estrellita Furneaux,1.85,87,83,No,No,Female,low income
560,Sergei Walisiak,2.34,82,82,Yes,Yes,Male,low income
561,Tess Annesley,2.16,76,84,Yes,No,Female,high income
562,Thalia Wapplington,2.97,79,96,No,No,Non-binary,high income
563,Wiatt Egginton,2.26,92,78,Yes,Yes,Genderfluid,high income
564,Kevon Chelam,2.57,98,85,No,No,Male,low income
565,Storm Templeton,3.4,94,94,No,No,Female,high income
566,Land Fellini,2.01,91,96,Yes,No,Male,low income
567,Anna-diane Shea,0.38,82,87,No,No,Female,middle income
568,Kimbra Geldert,2.12,97,86,No,Yes,Female,high income
569,Ami Bossingham,2.22,86,78,No,No,Female,high income
570,Vyky Peacher,0.66,78,97,Yes,No,Female,low income
571,Christi Evert,2.89,100,77,No,Yes,Female,high income
572,Cathyleen Christofle,1.47,91,95,No,Yes,Female,middle income
573,Washington Phythian,0.41,82,89,Yes,Yes,Male,middle income
574,Rubina Goulborne,1.45,83,85,No,Yes,Female,middle income
575,Jacynth Aldrin,2.98,86,83,Yes,No,Female,middle income
576,Zared Batho,0.86,86,76,Yes,Yes,Male,low income
577,Daisey Bidgood,0.96,100,89,No,No,Female,low income
578,Neysa Denzey,3.04,83,79,Yes,Yes,Female,middle income
579,Nevins Wickens,0.38,92,94,Yes,No,Male,middle income
580,Saxe Bernetti,1.13,99,75,Yes,Yes,Male,low income
581,Stanton Cadden,1.2,77,99,Yes,No,Male,low income
582,Janith Aers,2.49,85,99,No,Yes,Female,low income
583,Thomasa Rochester,1.42,88,98,Yes,Yes,Female,low income
584,Farica Scroggins,1.17,77,88,No,No,Female,low income
585,Lotte Jodrellec,2.21,99,91,Yes,No,Agender,low income
586,Tessa Espinola,2.63,92,77,Yes,No,Female,low income
587,Vonni Loache,2.67,94,86,No,No,Female,middle income
588,Tyrus Cruft,2.69,93,93,Yes,No,Male,high income
589,Dido Jersch,0.4,83,88,Yes,No,Female,high income
590,Lucienne Harper,0.66,89,79,No,Yes,Female,high income
591,Hilton Arnow,2.26,95,83,No,Yes,Male,high income
592,Hazel Pomfrey,0.45,96,99,Yes,Yes,Polygender,low income
593,Evelyn Verbrugge,3.27,79,97,No,No,Genderfluid,middle income
594,Ashlin Bunkle,3.22,91,98,No,No,Male,middle income
595,Cordey Hanigan,2.4,84,82,Yes,Yes,Female,middle income
596,Anatollo Padwick,3.59,78,83,No,Yes,Male,high income
597,Erena Paolacci,3.88,81,86,Yes,No,Agender,low income
598,Emmerich Swaton,1.53,81,85,No,Yes,Male,middle income
599,Desmond Swanborrow,0.41,95,98,Yes,No,Male,middle income
600,Ave Fancutt,0.15,81,84,Yes,Yes,Male,middle income
601,Amalia Reveley,3.02,76,81,Yes,Yes,Female,low income
602,Aldis Crawforth,2.67,94,86,Yes,Yes,Male,low income
603,Alayne Welling,3.23,90,85,No,Yes,Female,middle income
604,Rowland Morilla,3.63,79,87,No,No,Male,low income
605,Spenser Rennebach,2.71,76,81,Yes,No,Male,low income
606,Timoteo Raybould,1.01,76,75,Yes,Yes,Male,middle income
607,Rollie Drivers,3.93,88,95,No,No,Male,low income
608,Rozella Ivashechkin,2.24,75,87,Yes,No,Bigender,low income
609,Nonna Gass,2.93,84,86,Yes,Yes,Female,low income
610,Lucienne Bohea,2.24,75,93,Yes,No,Female,high income
611,Bendix Ianetti,1.29,82,87,No,No,Male,middle income
612,Osborn Hacksby,1.88,100,99,No,No,Agender,low income
613,Rob McKag,1.55,82,99,No,No,Male,middle income
614,Gian Gatesman,3.66,99,94,No,Yes,Male,low income
615,Lark Stoney,3.56,77,97,Yes,Yes,Female,middle income
616,Tris Trehearn,3.64,95,95,Yes,No,Male,middle income
617,Puff Heineken,1.47,92,82,No,No,Male,middle income
618,Emlynn Banke,0.08,95,80,Yes,Yes,Female,low income
619,Richie Obell,1.97,92,97,No,Yes,Male,middle income
620,Steffi Siviter,3.0,81,88,No,No,Female,middle income
621,Pamela Pedgrift,2.95,81,98,No,No,Agender,high income
622,Veronique Cosens,2.95,80,88,Yes,Yes,Female,high income
623,Elle Duval,0.49,100,94,Yes,Yes,Non-binary,low income
624,Ewart Breazeall,3.77,93,93,Yes,Yes,Male,middle income
625,Ginger Stodd,3.82,94,80,No,No,Female,high income
626,Merna Eannetta,3.98,95,86,Yes,Yes,Female,low income
627,Hollis de Mullett,2.07,82,90,No,Yes,Polygender,low income
628,Saloma Hinrichsen,2.0,99,87,Yes,No,Female,middle income
629,Elwin Tunaclift,2.16,75,98,Yes,Yes,Male,low income
630,Sarita Wakelin,0.37,84,81,No,No,Female,middle income
631,Emmery Bravery,0.34,87,89,Yes,Yes,Male,low income
632,Levon Gotecliffe,0.26,75,96,Yes,Yes,Male,middle income
633,Paola Jude,0.11,95,88,Yes,Yes,Female,middle income
634,Frederick Antoniak,3.25,82,85,No,No,Male,low income
635,Licha Clamo,1.67,90,89,No,Yes,Female,high income
636,Harrison De Normanville,2.39,98,89,Yes,Yes,Male,middle income
637,Helenka Erett,3.76,75,87,No,Yes,Bigender,middle income
638,Carmine Staddom,3.5,87,96,Yes,Yes,Agender,high income
639,Rafaelia Huburn,3.7,95,88,No,No,Female,high income
640,Eartha Stothart,0.05,75,82,Yes,Yes,Female,middle income
641,Price Springate,2.27,87,85,No,Yes,Male,high income
642,Roderick Datte,0.3,87,92,Yes,Yes,Male,middle income
643,Jillian Astupenas,3.54,83,87,No,No,Female,middle income
644,Harbert Sparkwell,1.35,88,79,No,Yes,Male,low income
645,Jo-anne Konrad,3.2,75,75,Yes,Yes,Female,low income
646,Dietrich Hurring,0.64,88,81,Yes,Yes,Male,high income
647,Cindie Hultberg,3.15,97,94,Yes,No,Female,high income
648,Amble Greim,2.46,75,90,No,No,Male,low income
649,Dulcia Taberer,1.33,95,79,Yes,Yes,Female,low income
650,Hogan Eschalette,0.51,98,79,Yes,Yes,Bigender,middle income
651,Essie Sibbet,2.07,100,90,No,No,Female,low income
652,Alfred Pattillo,3.24,91,80,No,Yes,Male,low income
653,Tami Haker,3.13,91,88,No,Yes,Female,high income
654,Madlen Yokelman,3.08,85,94,Yes,No,Female,middle income
655,Tonnie Malby,2.25,95,95,No,Yes,Male,middle income
656,Fanchon Buske,1.36,83,93,No,No,Female,high income
657,Dag McKillop,2.07,92,100,No,Yes,Male,high income
658,Paulita Tonbridge,0.9,93,100,Yes,No,Female,middle income
659,Shandy Canas,0.71,75,78,No,No,Female,low income
660,Graham Ockendon,3.63,76,92,No,No,Genderfluid,middle income
661,Larry McNickle,2.43,80,87,No,No,Male,high income
662,Evelina McLinden,3.18,76,92,Yes,Yes,Female,middle income
663,Kelvin Weatherell,1.19,75,88,No,Yes,Male,middle income
664,Archy Ropp,3.44,87,82,Yes,Yes,Male,high income
665,Hilary Carabet,2.77,87,75,Yes,No,Male,middle income
666,Filide Brager,1.67,96,88,No,Yes,Female,low income
667,Rhona Frazier,1.18,76,99,No,No,Female,middle income
668,Chet Punter,0.72,78,88,Yes,Yes,Male,middle income
669,Isidore Pither,2.0,93,83,No,Yes,Male,high income
670,Bryna Brauns,3.15,86,96,Yes,No,Female,low income
671,Monro Selbie,0.74,81,84,No,No,Male,high income
672,Darcy Moreinis,1.52,83,95,No,Yes,Female,high income
673,Noemi Redgate,0.9,99,95,No,No,Female,high income
674,Gavra Dunn,0.33,96,92,No,Yes,Female,low income
675,Adina Coggen,1.76,89,77,Yes,No,Female,high income
676,Kent Limbrick,2.39,99,80,No,No,Male,high income
677,Quincey Aimeric,3.2,87,76,No,No,Male,high income
678,Bibi Vorley,2.76,93,93,No,No,Female,high income
679,Danny Docharty,1.79,81,75,No,No,Female,middle income
680,Eada Brea,3.71,100,82,No,Yes,Agender,high income
681,Melina Mityukov,0.13,82,89,No,Yes,Polygender,middle income
682,Richart Peele,3.29,96,79,Yes,Yes,Male,high income
683,Verena Magog,0.63,91,81,Yes,Yes,Female,high income
684,Corrina Extall,2.71,84,94,Yes,No,Female,high income
685,Mano Feasey,1.09,83,93,No,No,Agender,low income
686,Glennie Pretsel,2.75,91,84,No,No,Female,high income
687,Lonee Boutton,0.44,98,93,No,No,Female,middle income
688,Artemas Excell,1.98,85,83,Yes,No,Male,middle income
689,Filippo Jochen,2.05,85,83,No,No,Male,middle income
690,Velma Scneider,1.93,90,82,No,Yes,Female,middle income
691,Gipsy Reynault,3.73,84,81,No,Yes,Female,middle income
692,Faunie Eliasen,0.98,77,77,Yes,Yes,Female,middle income
693,Dolli Clericoates,3.54,92,82,Yes,Yes,Female,high income
694,Rosalinde Buntine,2.45,96,85,No,No,Female,low income
695,Gates Doran,0.54,79,95,Yes,No,Female,middle income
696,Derril Mattiello,1.7,75,82,Yes,No,Male,low income
697,Jessy Ashpole,3.46,99,91,Yes,No,Female,low income
698,Jessee Perche,2.05,88,77,Yes,No,Male,low income
699,Gannon Prangle,2.91,96,90,Yes,No,Male,high income
700,Crystal Lawful,3.77,89,96,No,Yes,Female,middle income
701,Marcellus Whaymand,0.37,83,77,Yes,Yes,Male,low income
702,Willyt Pendre,2.25,83,91,No,No,Female,low income
703,Fianna Pocknoll,3.04,87,90,Yes,Yes,Female,low income
704,Berenice Loisi,2.25,86,96,No,Yes,Female,low income
705,Truman Bosenworth,2.65,92,96,Yes,Yes,Male,middle income
706,Ingar McGready,3.83,77,95,Yes,No,Male,high income
707,Gerladina Hutchcraft,0.03,100,97,No,No,Female,high income
708,Tova Wint,2.29,77,89,No,No,Female,low income
709,Marchall Denyukin,3.71,85,91,Yes,No,Male,middle income
710,Lezlie Farmloe,1.32,75,80,No,No,Female,high income
711,Arabel Reagan,1.39,91,86,No,Yes,Female,middle income
712,Wenona Lummis,1.17,95,83,No,Yes,Female,low income
713,Worth Moodycliffe,1.58,91,98,No,No,Male,low income
714,Luisa Petrello,2.16,79,100,No,No,Bigender,middle income
715,Bobbi Keay,1.78,89,94,No,Yes,Female,high income
716,Simone Lindenstrauss,2.29,88,99,No,No,Female,middle income
717,Armin Habbershon,0.48,75,93,No,No,Male,high income
718,Emilia Burden,2.33,100,79,No,Yes,Female,middle income
719,Brien Gatlin,0.17,86,85,No,No,Male,middle income
720,Barty Tromans,0.75,94,91,Yes,Yes,Male,middle income
721,Ly Conry,3.05,76,84,Yes,No,Agender,middle income
722,Saxon Popworth,0.52,84,80,Yes,No,Male,low income
723,Reagan Scullard,1.33,99,92,No,No,Male,low income
724,Loren Edleston,3.51,86,85,Yes,No,Male,middle income
725,Todd Galier,1.5,79,82,No,Yes,Agender,high income
726,Onfre Warrier,3.03,79,85,Yes,No,Male,middle income
727,Diane-marie Loding,2.19,85,77,Yes,No,Female,middle income
728,Gard Deavall,2.82,100,96,Yes,Yes,Male,middle income
729,Roanne Ayliffe,2.34,100,78,No,Yes,Female,low income
730,Georgie Pennings,0.81,87,96,Yes,Yes,Male,high income
731,Falito Cape,1.6,80,79,Yes,No,Male,high income
732,Ashley Burnes,1.59,91,95,Yes,No,Male,low income
733,Danila Nudds,0.31,84,78,Yes,Yes,Female,high income
734,Ambrosio MacKenny,0.44,86,83,No,Yes,Male,high income
735,Lyndell Lippiello,0.09,98,93,Yes,No,Female,middle income
736,Milton Plaide,3.92,90,90,No,No,Male,high income
737,Rayner Ashe,0.43,100,85,No,No,Male,low income
738,Tessi Sibthorp,3.93,76,82,Yes,Yes,Female,high income
739,Wendie Hyatt,2.58,80,99,Yes,Yes,Female,low income
740,Feliks Abbatt,1.1,82,92,No,Yes,Male,low income
741,Kean Kedie,1.63,99,88,No,Yes,Male,low income
742,Raoul Fennick,1.36,94,88,Yes,Yes,Male,high income
743,Aleta Sammars,3.43,77,95,Yes,No,Female,low income
744,Rudy Vennings,1.28,86,85,No,Yes,Male,high income
745,Laurens Freschi,0.1,75,82,Yes,No,Male,high income
746,Ara Chiene,1.53,98,96,Yes,No,Female,middle income
747,Godfrey Keaveny,2.22,85,76,Yes,Yes,Male,middle income
748,Malina Perroni,3.79,95,98,Yes,Yes,Female,low income
749,Jerad Berthomieu,3.83,96,80,Yes,Yes,Male,high income
750,Terrell Collcutt,0.01,90,93,No,Yes,Male,low income
751,Sherilyn Ventham,2.57,94,78,Yes,Yes,Female,low income
752,Umeko Cabotto,2.12,97,90,Yes,No,Female,middle income
753,Alexandra Garms,2.48,88,75,No,Yes,Female,high income
754,Laverne Plowes,0.16,81,86,Yes,No,Agender,low income
755,Dalenna Courtois,2.72,76,94,No,Yes,Female,middle income
756,Mateo Starbeck,3.29,78,80,Yes,No,Male,middle income
757,Cornelius Pantridge,0.09,78,82,Yes,No,Genderfluid,middle income
758,Fawn Greenhough,3.91,87,81,Yes,No,Female,high income
759,Lenci Petroff,1.74,96,97,Yes,Yes,Male,high income
760,Vina Sapsed,2.32,79,94,No,Yes,Female,high income
761,Sonnie Georgiev,3.49,75,83,No,No,Male,low income
762,Birk Gaylord,1.86,94,97,Yes,No,Non-binary,middle income
763,Dorree Dowty,1.52,87,98,Yes,No,Genderfluid,low income
764,Merline Mapledoram,3.8,84,79,Yes,No,Female,middle income
765,Mellisent Van Dijk,2.42,88,84,Yes,Yes,Female,high income
766,Jsandye Vaillant,2.61,92,99,No,No,Female,low income
767,Broderick Rawcliffe,0.41,100,79,Yes,No,Male,high income
768,Nelle Scoone,1.22,97,95,Yes,Yes,Genderfluid,low income
769,Rosina de Voiels,1.18,94,97,Yes,Yes,Female,high income
770,Isac Garvin,2.63,76,94,Yes,No,Male,low income
771,Iggy Longea,2.03,96,83,Yes,Yes,Male,high income
772,Rheba Scarfe,2.08,91,90,No,No,Female,high income
773,Sallyanne Carlick,0.17,79,100,Yes,Yes,Female,low income
774,Rosemaria Behning,0.04,89,99,No,No,Female,low income
775,Sumner Eley,3.59,94,78,No,Yes,Male,middle income
776,Elnore Dunning,1.03,89,75,Yes,Yes,Female,high income
777,Andrus Merritt,2.15,78,82,No,No,Genderqueer,middle income
778,Boy Speak,0.84,100,94,Yes,No,Male,low income
779,Christoffer Pinching,3.89,84,99,Yes,Yes,Male,middle income
780,Kerri Aylott,2.19,95,87,No,Yes,Female,high income
781,Tye Sayce,3.85,80,90,No,Yes,Male,middle income
782,Kile Feltoe,2.45,82,92,No,No,Male,high income
783,Hubey Redmire,2.8,100,89,No,No,Male,high income
784,Faber Gibb,1.78,88,81,Yes,No,Male,middle income
785,Coleman Baldetti,3.35,95,77,No,No,Male,middle income
786,Constancy Pickworth,3.42,89,84,No,No,Female,high income
787,Claudio Jamson,3.37,76,79,Yes,Yes,Male,high income
788,Filip Monard,1.24,89,78,Yes,No,Male,middle income
789,Reuben Quincey,0.12,78,91,No,No,Male,low income
790,Mahmud Leamy,1.69,96,76,No,Yes,Male,middle income
791,Vevay Crosdill,2.85,82,82,Yes,Yes,Female,low income
792,Charlotte Emloch,3.83,99,98,Yes,Yes,Female,low income
793,Perle MacGahey,3.15,81,80,Yes,Yes,Female,high income
794,Elton Baggett,2.14,89,92,No,Yes,Male,high income
795,Carol-jean Pineaux,0.76,84,79,Yes,Yes,Female,high income
796,Binnie Albone,2.89,90,89,Yes,No,Female,low income
797,Junie Edgeworth,1.93,83,87,No,No,Female,middle income
798,Duky Bunhill,2.57,87,95,Yes,Yes,Male,low income
799,Talyah Dey,0.87,85,90,Yes,Yes,Female,high income
800,Jose McGilmartin,2.32,83,75,Yes,Yes,Male,middle income
801,Mikael Swadlinge,0.49,93,100,Yes,Yes,Male,middle income
802,Christoper Dunkerton,1.84,89,90,No,No,Male,high income
803,Thom Larway,3.29,93,80,No,Yes,Male,high income
804,Jenelle Merrell,3.26,100,87,Yes,No,Female,middle income
805,Nickie Coryndon,0.69,98,85,Yes,Yes,Male,middle income
806,Davida Barrow,2.17,95,82,No,No,Female,middle income
807,Oralee Zecchii,2.13,87,91,No,No,Bigender,low income
808,Juana Elliss,1.47,97,92,Yes,Yes,Female,high income
809,Angele Neill,0.54,84,92,Yes,Yes,Genderfluid,high income
810,Stanfield Wackett,3.89,97,82,No,No,Male,low income
811,Thea McMurtyr,0.8,77,87,Yes,Yes,Female,high income
812,Wolfie Langton,1.83,76,89,No,Yes,Male,low income
813,Retha Bach,3.65,88,77,Yes,Yes,Female,low income
814,Velvet Philippault,0.16,78,82,No,Yes,Female,middle income
815,Esta Nevin,1.07,99,82,Yes,No,Female,middle income
816,Amandy Paton,2.34,80,100,No,Yes,Female,low income
817,Alexio Denyagin,1.12,90,94,Yes,Yes,Male,middle income
818,Gilberto Ferrario,0.01,92,76,Yes,No,Male,middle income
819,Kerwin Guillond,3.27,94,96,No,Yes,Male,high income
820,Horten Kenwell,1.74,79,82,No,Yes,Male,middle income
821,Vanessa Fishbourn,3.89,88,88,No,No,Female,low income
822,Kylen Denne,3.35,79,79,No,No,Female,low income
823,Bil Novak,1.14,96,96,No,No,Male,middle income
824,Valentine Pietraszek,2.61,89,89,Yes,No,Male,high income
825,Lurlene Championnet,0.62,92,76,No,Yes,Female,high income
826,Dar Wyllcocks,0.48,84,93,Yes,No,Male,high income
827,Ike Beretta,0.19,80,87,Yes,No,Male,low income
828,Theo Merrett,3.42,98,82,Yes,No,Male,high income
829,Shannon Ladd,1.48,86,84,Yes,No,Female,low income
830,Thorvald Aimer,3.48,96,98,Yes,No,Male,high income
831,Cooper Thor,3.28,89,94,No,No,Male,middle income
832,Monica Glanert,0.17,78,75,No,Yes,Female,low income
833,Clint Thomassen,0.77,84,86,Yes,Yes,Male,low income
834,Rachele Grinin,0.51,82,82,Yes,No,Female,high income
835,Ruthie Swarbrick,2.28,76,82,Yes,Yes,Bigender,high income
836,Lynda Bazely,2.93,91,91,No,Yes,Bigender,low income
837,Cari Saich,1.11,78,94,No,No,Female,high income
838,Inness Barthelme,1.61,97,92,Yes,Yes,Male,low income
839,Brina Slucock,2.54,95,75,No,No,Female,middle income
840,Linell Sillwood,1.61,91,81,Yes,Yes,Female,low income
841,Ardeen Mation,0.38,88,91,No,No,Female,middle income
842,Dora Stobo,2.19,87,80,No,Yes,Female,high income
843,Shelley Annetts,3.93,96,89,No,Yes,Female,high income
844,Gorden Tesimon,2.86,83,97,No,Yes,Male,middle income
845,Kennith Walenta,3.67,76,94,Yes,No,Male,low income
846,Sonnie Corre,0.76,78,84,No,No,Male,high income
847,Ernest Frere,2.74,91,78,Yes,No,Male,low income
848,Donnie Ronchka,1.82,82,88,Yes,Yes,Male,high income
849,Cristi Macro,3.06,80,90,No,Yes,Female,high income
850,Ashla Ivers,1.12,96,94,Yes,Yes,Female,high income
851,Yasmin Sherebrook,1.35,87,88,Yes,Yes,Female,high income
852,Abdul Emsden,2.68,99,84,No,Yes,Male,middle income
853,Annabel Parriss,2.69,99,87,No,No,Female,high income
854,Phyllis Sprigg,0.35,87,98,Yes,Yes,Non-binary,middle income
855,Laure Chuck,1.74,75,79,Yes,No,Female,high income
856,Brandie Searchfield,0.53,86,90,Yes,Yes,Female,high income
857,Jenica Spary,0.47,83,94,No,Yes,Female,middle income
858,Simone Trumble,2.88,75,99,No,Yes,Male,high income
859,Annissa Pomfrey,0.16,83,96,Yes,No,Female,middle income
860,Adolph Hargrave,2.36,91,94,Yes,No,Male,middle income
861,Christy Livoir,1.96,84,89,No,Yes,Female,middle income
862,Arch Slyme,1.48,82,100,Yes,No,Male,middle income
863,Mala Donalson,2.72,76,80,Yes,Yes,Female,low income
864,Fernando Grzeszczak,3.01,95,97,No,Yes,Male,high income
865,Ulises Aldam,0.1,86,92,Yes,No,Male,middle income
866,Corissa Gregoli,3.08,95,95,Yes,No,Agender,high income
867,Kasper Billingham,2.59,100,96,Yes,No,Male,low income
868,Arni Alexis,2.19,88,85,No,No,Male,high income
869,Rex Merrien,3.39,81,81,Yes,No,Male,middle income
870,Aubert Bluck,2.8,82,86,No,Yes,Male,high income
871,Marijo Wallwood,2.85,84,96,Yes,No,Female,middle income
872,Milzie Kraut,0.14,83,85,Yes,Yes,Female,high income
873,Milena Filmer,3.12,91,89,Yes,No,Female,low income
874,Chancey Bahia,2.11,75,85,Yes,No,Male,middle income
875,Renee Sheal,3.24,80,90,Yes,Yes,Female,high income
876,Saunderson Reichartz,0.9,81,81,No,No,Male,low income
877,Bartolemo Woolpert,3.94,99,80,No,No,Male,low income
878,Karlis Calafate,1.75,77,79,No,Yes,Male,low income
879,Cyndia Dooman,0.29,81,92,No,Yes,Female,middle income
880,Janet Peattie,0.32,94,99,Yes,No,Female,high income
881,Tuesday Annatt,2.84,76,93,No,Yes,Female,high income
882,Alisun Brimham,2.21,77,89,Yes,No,Female,middle income
883,Trudy Haines,1.93,84,86,No,Yes,Female,high income
884,Dionne Sodory,0.78,94,98,No,No,Female,middle income
885,Eugenia Partkya,2.28,82,100,No,No,Bigender,middle income
886,Dunc Celez,0.69,79,100,Yes,No,Male,low income
887,Corrie Cawt,1.08,88,100,No,No,Male,high income
888,Romona Franchioni,1.79,81,85,No,No,Female,high income
889,Mead Gabbetis,2.9,96,98,Yes,Yes,Male,middle income
890,Elayne Fiorentino,1.89,86,98,Yes,No,Female,middle income
891,Mair McDuffy,0.97,87,81,No,Yes,Female,low income
892,Almira Irlam,3.5,95,98,No,Yes,Female,high income
893,Sadella Martinson,3.71,77,86,No,Yes,Female,low income
894,Stefanie Boykett,2.32,94,82,Yes,Yes,Female,high income
895,Tabby Tesimon,2.52,81,87,Yes,No,Female,high income
896,Dominique Schops,2.28,97,83,Yes,Yes,Male,high income
897,Nona Bold,3.31,89,75,Yes,No,Female,low income
898,Desirae Heinsen,1.38,89,94,Yes,No,Female,middle income
899,Stacie Schooley,2.07,94,88,Yes,Yes,Female,high income
900,Clarice Gullen,3.76,93,95,Yes,No,Female,middle income
901,Lucienne MacGilfoyle,3.6,89,98,No,Yes,Female,high income
902,Margalit Hatwells,1.07,81,88,Yes,No,Female,high income
903,Dorie Petticrew,2.52,78,75,Yes,No,Male,high income
904,Ernest Allitt,2.13,89,97,Yes,Yes,Male,middle income
905,Ronica Cayle,2.76,76,90,Yes,No,Female,low income
906,Welsh Moreman,2.5,88,83,Yes,Yes,Male,middle income
907,Yvette Bassam,1.15,88,100,No,Yes,Female,low income
908,Ranee Gonning,3.94,76,93,Yes,Yes,Female,middle income
909,Christina Lill,1.31,95,92,Yes,Yes,Female,high income
910,Vic Jerrolt,2.5,87,97,Yes,No,Genderfluid,middle income
911,Emelina Skip,3.19,81,96,Yes,Yes,Female,low income
912,Kelcie Davies,2.93,90,88,Yes,Yes,Genderfluid,middle income
913,Cassondra Mortlock,2.72,79,76,Yes,No,Female,low income
914,Ashely Garden,2.61,81,86,Yes,No,Female,high income
915,Inger Leipold,0.72,90,92,Yes,No,Male,middle income
916,Nedda Paylie,0.91,100,76,Yes,No,Female,high income
917,Jameson Riggoll,2.41,78,95,Yes,No,Male,low income
918,Tarrance Lathleiff,3.1,99,88,Yes,Yes,Male,low income
919,Corney Couvert,2.82,87,84,Yes,No,Male,low income
920,Kristos Heliar,3.39,82,88,No,Yes,Male,high income
921,Vivie Stienham,0.44,75,85,Yes,Yes,Polygender,high income
922,Andromache Beeby,1.71,84,79,Yes,No,Female,high income
923,Clarinda O'Hagan,1.8,80,94,Yes,No,Female,high income
924,Cele Perrie,2.26,87,93,No,Yes,Female,high income
925,Martynne Romanet,3.81,88,75,Yes,Yes,Female,low income
926,Curry O'Bradain,3.15,83,81,No,No,Male,low income
927,Giusto Fogg,2.0,78,97,No,Yes,Male,high income
928,Percival Dragge,3.23,95,94,Yes,Yes,Male,low income
929,Giulio Brigshaw,1.6,83,78,No,Yes,Male,low income
930,Nert Hanigan,3.5,93,84,No,No,Female,high income
931,Kerwin Goldstein,2.74,98,98,No,No,Male,middle income
932,Latisha Attenborough,1.59,98,100,No,Yes,Bigender,high income
933,Raphaela Manon,0.96,96,94,No,Yes,Female,middle income
934,Filberte Easman,3.58,99,86,No,No,Male,middle income
935,Trefor Wathan,3.91,96,98,No,Yes,Male,high income
936,Samuel Pharaoh,3.45,99,87,Yes,Yes,Bigender,low income
937,Vin Robard,1.79,93,86,No,Yes,Male,high income
938,Gwenneth Nockles,1.7,76,90,Yes,No,Female,high income
939,Ora Renad,1.73,98,79,No,Yes,Female,low income
940,Vina Mattei,2.4,96,80,No,Yes,Female,high income
941,Arnie Brumfield,2.72,97,81,No,No,Male,middle income
942,Pinchas Fullegar,2.98,83,86,Yes,No,Male,middle income
943,Lona Larmour,0.5,86,86,No,No,Female,high income
944,Wilhelm Cassin,1.4,87,93,No,Yes,Male,middle income
945,Cordie Silwood,2.28,80,94,Yes,No,Female,high income
946,Domeniga Antliff,0.84,87,78,No,Yes,Female,middle income
947,Wildon Chidler,3.92,88,78,Yes,No,Male,middle income
948,Chris Leahair,1.46,75,91,No,Yes,Non-binary,middle income
949,Nickolas Probat,2.82,82,89,No,No,Male,middle income
950,Melvin Houndson,0.43,81,97,Yes,Yes,Male,high income
951,Gerardo Lauritzen,2.83,82,98,No,Yes,Male,middle income
952,Christy Cuer,2.06,83,78,Yes,No,Male,low income
953,Justino Bartlam,3.09,82,100,Yes,No,Male,high income
954,Lorri Langstaff,1.76,87,96,No,No,Female,middle income
955,Rebe Guswell,2.26,91,99,Yes,No,Female,middle income
956,Garvin Keepe,2.99,81,79,Yes,No,Male,low income
957,Kerr Slowcock,3.33,84,88,No,No,Male,low income
958,Karyn Yantsurev,2.91,76,85,No,Yes,Female,high income
959,Glenn Stainfield,1.06,80,85,No,No,Female,low income
960,Sigvard Hrus,1.77,90,94,Yes,No,Male,high income
961,Abba Rubinow,3.12,86,91,Yes,Yes,Agender,middle income
962,Freedman Baly,2.47,93,75,Yes,Yes,Polygender,middle income
963,Dennie Embleton,3.24,98,91,No,No,Male,middle income
964,Marchelle Moxstead,3.53,79,85,No,Yes,Female,high income
965,Lynsey Ingham,2.91,79,81,Yes,No,Female,low income
966,Corliss Askaw,3.91,96,92,Yes,No,Female,high income
967,Nessie Yellowlea,0.12,75,80,Yes,No,Female,high income
968,Cord Undy,3.54,82,85,Yes,No,Male,low income
969,Tamara Samwell,3.19,80,99,Yes,No,Female,low income
970,Elianora Augur,1.24,85,75,No,Yes,Female,high income
971,Jerrine Gaitung,1.45,78,87,Yes,No,Female,middle income
972,King Verdun,3.68,83,87,No,No,Male,middle income
973,Godart Hartness,0.8,88,94,No,No,Male,low income
974,Brook Cane,3.33,96,96,Yes,No,Male,low income
975,Brice Standley,3.05,85,84,Yes,No,Male,middle income
976,Dareen Hiddsley,0.6,100,84,Yes,Yes,Female,high income
977,Benito Simco,2.26,91,87,Yes,Yes,Male,low income
978,Chev Pieters,3.76,84,93,No,Yes,Male,low income
979,Jarrod Farloe,1.53,95,96,Yes,No,Male,high income
980,Mace Gheorghescu,3.13,99,84,Yes,Yes,Male,middle income
981,Emanuele Bendix,3.9,91,90,No,Yes,Male,low income
982,Haley Lydiatt,1.65,84,81,No,No,Male,high income
983,Kennie Hammell,1.91,90,75,No,Yes,Male,high income
984,Norbert Studman,2.1,78,82,Yes,No,Male,middle income
985,Paxon Frizell,0.09,84,78,Yes,No,Male,high income
986,Ailbert Spire,1.64,81,93,Yes,Yes,Non-binary,low income
987,Dianna Turnock,2.31,85,82,Yes,No,Female,low income
988,Sarge Hallaways,1.07,79,91,No,No,Male,low income
989,Meredeth Scriven,3.55,93,87,Yes,Yes,Agender,middle income
990,Malva Grimstead,1.3,76,80,No,Yes,Genderfluid,middle income
991,Felizio Snazle,2.89,79,95,Yes,Yes,Male,low income
992,Harmonia Nyssen,3.15,82,75,Yes,No,Female,middle income
993,Zaneta Boyat,1.76,81,97,No,Yes,Female,low income
994,Ives Biggans,1.92,89,82,Yes,Yes,Male,middle income
995,Charmain Wankel,2.64,76,77,Yes,Yes,Female,low income
996,Nancie Boakes,2.99,75,77,No,Yes,Female,low income
997,Theadora Cornill,3.47,97,97,No,No,Female,middle income
998,Chelsey Cowope,3.16,87,90,Yes,No,Female,middle income
999,Robbyn Reitenbach,0.54,98,90,Yes,No,Female,high income
1000,Selestina Zappel,3.08,83,89,Yes,No,Female,middle income
